<?xml version="1.0" encoding="UTF-8"?>
<!DOCTYPE mapper
        PUBLIC "-//mybatis.org//DTD Mapper 3.0//EN"
        "http://mybatis.org/dtd/mybatis-3-mapper.dtd">

<mapper namespace="ad_boardGroup">
    <select id="selectBoardGroupList" resultType="com.devkbil.mtssbj.common.tree.TreeVO" >
        SELECT BGNO as KEY, BGNAME as TITLE, BGPARENT as PARENT
          FROM TBL_BOARDGROUP
         WHERE DELETEFLAG='N'
         ORDER BY BGNO
    </select>
    
    <insert id="insertBoardGroup" parameterType="com.devkbil.mtssbj.admin.board.BoardGroupVO" >
        INSERT INTO TBL_BOARDGROUP(BGNAME, BGUSED, BGREPLY, BGREADONLY, BGNOTICE, BGPARENT, DELETEFLAG, REGDATE)
        VALUES (#{bgname}, #{bgused}, #{bgreply}, #{bgreadonly}, #{bgnotice}, #{bgparent}, 'N', NOW() )
        <selectKey keyProperty="bgno" resultType="String" order="AFTER">
            SELECT LAST_INSERT_ID()
        </selectKey>
    </insert>
    
    <update id="updateBoardGroup" parameterType="com.devkbil.mtssbj.admin.board.BoardGroupVO">
        UPDATE TBL_BOARDGROUP
        SET BGNAME=#{bgname}
          , BGUSED=#{bgused}
          , BGREPLY=#{bgreply}
          , BGREADONLY=#{bgreadonly}
          , BGNOTICE=#{bgnotice}
          , CHGDATE=NOW()
        WHERE BGNO = #{bgno}
    </update>

    <select id="selectBoardGroupOne" parameterType="String" resultType="com.devkbil.mtssbj.admin.board.BoardGroupVO">
        SELECT BGNO, BGNAME, BGUSED, BGREPLY, BGREADONLY, BGNOTICE
          FROM TBL_BOARDGROUP
         WHERE DELETEFLAG='N' AND BGNO=#{bgno}
    </select>

    <delete id="deleteBoardGroup" parameterType="String">
        UPDATE TBL_BOARDGROUP
           SET DELETEFLAG='Y', CHGDATE=NOW()
         WHERE BGNO=#{bgno}
    </delete>

</mapper>

