<?xml version="1.0" encoding="UTF-8"?>
<!DOCTYPE mapper
        PUBLIC "-//mybatis.org//DTD Mapper 3.0//EN"
        "http://mybatis.org/dtd/mybatis-3-mapper.dtd">

<mapper namespace="sign">

    <!-- 결재 문서 작성 -->
    <sql id="includeSignDoc">
        INNER JOIN SGN_SIGN SS ON SS.DOCNO=SD.DOCNO AND SS.USERNO=${userno} AND SSTYPE!=0
        <if test="searchExt1=='signed'">AND SS.SSRESULT!=0</if>        
        <if test="searchExt1!='signed'">AND SS.SSRESULT=0 AND SS.SSSTEP=SD.DOCSTEP</if>        
        WHERE SD.DELETEFLAG='N' -- AND SD.DOCSTATUS IN (1,2)
        <if test="searchKeyword!=null and searchKeyword!='' and searchType!=''">
            <foreach item="item" index="index" collection="searchTypeArr" separator=" OR " open="AND (" close=")">
                 ${item} LIKE CONCAT('%', #{searchKeyword},'%' )
            </foreach>
        </if>               
    </sql>

    <select id="selectSignDocCount" resultType="Integer" parameterType="com.devkbil.mtssbj.search.SearchVO">
        SELECT COUNT(*)
          FROM SGN_DOC SD
         <include refid="includeSignDoc"/> 
    </select> 
    
    <select id="selectSignDocList" resultType="com.devkbil.mtssbj.sign.SignDocVO" parameterType="com.devkbil.mtssbj.search.SearchVO">
        SELECT SD.DOCNO, DOCTITLE, SD.USERNO, USERNM, DOCSTEP, SD.DTNO, SDT.DTTITLE, DEPTNM
             , DATE_FORMAT(CHGDATE,'%Y-%m-%d') as CHGDATE, CODENM as DOCSTATUS
          FROM SGN_DOC SD
         INNER JOIN COM_USER CU ON SD.USERNO=CU.USERNO
         INNER JOIN SGN_DOCTYPE SDT ON SDT.DTNO=SD.DTNO
         INNER JOIN COM_CODE CC ON CC.CODECD=SD.DOCSTATUS AND CLASSNO='2'
         <include refid="includeSignDoc"/>
         ORDER BY DOCNO DESC
         <if test="rowStart != null">
             LIMIT ${rowStart-1}, 10
         </if>
    </select> 
        
   <sql id="includeSignDocTobe">
        WHERE SD.DELETEFLAG='N' AND SD.USERNO=${userno}
        <if test="searchExt1!=''">
            <if test="searchExt1==2">AND SD.DOCSTATUS IN (1,2)</if>
            <if test="searchExt1!=2">AND SD.DOCSTATUS=${searchExt1}</if>
        </if>        
        
        <if test="searchKeyword!=null and searchKeyword!='' and searchType!=''">
            <foreach item="item" index="index" collection="searchTypeArr" separator=" OR " open="AND (" close=")">
                 ${item} LIKE CONCAT('%', #{searchKeyword},'%' )
            </foreach>
        </if>               
    </sql>

    <select id="selectSignDocTobeCount" resultType="Integer" parameterType="com.devkbil.mtssbj.search.SearchVO">
        SELECT COUNT(*)
          FROM SGN_DOC SD
         <include refid="includeSignDocTobe"/>
    </select> 
    
    <select id="selectSignDocTobeList" resultType="com.devkbil.mtssbj.sign.SignDocVO" parameterType="com.devkbil.mtssbj.search.SearchVO">
        SELECT SD.DOCNO, DOCTITLE, SD.USERNO, USERNM, DOCSTEP, SD.DTNO, SDT.DTTITLE, DEPTNM
             , DATE_FORMAT(CHGDATE,'%Y-%m-%d') as CHGDATE, CODENM as DOCSTATUS
          FROM SGN_DOC SD
         INNER JOIN COM_USER CU ON SD.USERNO=CU.USERNO
         INNER JOIN SGN_DOCTYPE SDT ON SDT.DTNO=SD.DTNO
         INNER JOIN COM_CODE CC ON CC.CODECD=SD.DOCSTATUS AND CLASSNO='2'
         <include refid="includeSignDocTobe"/>
         ORDER BY DOCNO DESC
         <if test="rowStart != null">
             LIMIT ${rowStart-1}, 10
         </if>
    </select> 
            
    <insert id="insertSignDoc" parameterType="com.devkbil.mtssbj.sign.SignDocVO" useGeneratedKeys="true" keyProperty="docno">
        INSERT INTO SGN_DOC(DOCTITLE, USERNO, DOCCONTENTS, DOCSTATUS, DOCSTEP, DTNO, DEPTNM, DOCSIGNPATH, CHGDATE, REGDATE, DELETEFLAG)
        VALUES (#{doctitle}, #{userno}, #{doccontents}, #{docstatus}, 1, #{dtno}, #{deptnm}, #{docsignpath}, NOW(), NOW(), 'N')
        <selectKey keyProperty="docno" resultType="String">
            SELECT LAST_INSERT_ID()
        </selectKey>
    </insert>

    <update id="updateSignDoc" parameterType="com.devkbil.mtssbj.sign.SignDocVO">
        UPDATE SGN_DOC
           SET DOCTITLE=#{doctitle}, DOCCONTENTS=#{doccontents}, DOCSIGNPATH=#{docsignpath}
             , CHGDATE=NOW()
         WHERE DOCNO=#{docno} 
    </update> 
    
    <delete id="deleteSign" parameterType="String">
        DELETE 
          FROM SGN_SIGN
         WHERE DOCNO=#{docno} 
    </delete>
         
    <insert id="insertSign" parameterType="com.devkbil.mtssbj.sign.SignVO" >
        INSERT INTO SGN_SIGN(DOCNO, SSSTEP, SSTYPE, SSRESULT, RECEIVEDATE, USERNO, USERPOS)
        VALUES (#{docno}, #{ssstep}, #{sstype}, #{ssresult}, NOW(), #{userno}, #{userpos})
        <selectKey keyProperty="ssno" resultType="String">
            SELECT LAST_INSERT_ID()
        </selectKey>
        </insert>

    <select id="selectSignDocOne" parameterType="com.devkbil.mtssbj.sign.SignDocVO" resultType="com.devkbil.mtssbj.sign.SignDocVO">
        SELECT DOCNO, DOCTITLE, SD.USERNO, USERNM, DOCCONTENTS, DOCSTATUS, DOCSTEP, DTNO, DEPTNM
             , DATE_FORMAT(CHGDATE,'%Y-%m-%d') as CHGDATE, DOCSIGNPATH
          FROM SGN_DOC SD
         INNER JOIN COM_USER CU ON SD.USERNO=CU.USERNO
         WHERE SD.DELETEFLAG='N' AND DOCNO=#{docno}
    </select> 
    
    <select id="selectCurrentSigner" parameterType="String" resultType="String">
        SELECT SS.USERNO
          FROM SGN_DOC SD
         INNER JOIN SGN_SIGN SS ON SS.DOCNO=SD.DOCNO AND SS.SSSTEP=SD.DOCSTEP 
        WHERE SD.DOCNO=#{docno} AND SD.DOCSTATUS IN (1,2)
    </select>

    <update id="deleteSignDoc" parameterType="com.devkbil.mtssbj.sign.SignDocVO">
        UPDATE SGN_DOC
           SET DELETEFLAG='Y'
         WHERE DOCNO=#{docno} 
    </update> 

    <select id="selectSign" parameterType="String" resultType="com.devkbil.mtssbj.sign.SignVO">
        SELECT SSNO, DOCNO, SSSTEP, SSTYPE, SSRESULT, SD.USERNO, USERNM, SD.USERPOS, SIGNDATE, SSCOMMENT
          FROM SGN_SIGN SD
         INNER JOIN COM_USER CU ON SD.USERNO=CU.USERNO
         WHERE DOCNO=#{docno}
         ORDER BY SSSTEP
    </select>
    
    <select id="selectSignLast" parameterType="com.devkbil.mtssbj.sign.SignDocVO" resultType="com.devkbil.mtssbj.sign.SignVO">
        SELECT SSNO, DOCNO, SSSTEP, SSTYPE, 0 as SSRESULT, SD.USERNO, USERNM, CD.CODENM as USERPOS
          FROM SGN_SIGN SD
         INNER JOIN COM_USER CU ON SD.USERNO=CU.USERNO
         INNER JOIN COM_CODE CD ON CLASSNO='3' AND CD.CODECD=CU.USERPOS
         WHERE DOCNO=(SELECT DOCNO FROM SGN_DOC WHERE USERNO=#{userno} AND DTNO=#{dtno} ORDER BY DOCNO DESC LIMIT 1)
         ORDER BY SSSTEP
    </select>
  
    <!-- 결재 -->
    <update id="updateSign" parameterType="com.devkbil.mtssbj.sign.SignVO" >
        UPDATE SGN_SIGN SS
         INNER JOIN SGN_DOC SD ON SD.DOCNO=SS.DOCNO AND SD.DOCSTEP=SS.SSSTEP
           SET SSRESULT=#{ssresult}, SIGNDATE=NOW(), SSCOMMENT=#{sscomment}
         WHERE SS.DOCNO=#{docno} 
    </update>

    <select id="selectChkRemainSign" parameterType="com.devkbil.mtssbj.sign.SignVO" resultType="String">
        SELECT SSSTEP
          FROM SGN_SIGN SD
         WHERE DOCNO=#{docno} AND SSRESULT=0
         LIMIT 1
    </select>

    <update id="updateSignDocStatus" parameterType="com.devkbil.mtssbj.sign.SignVO">
        UPDATE SGN_DOC
           SET DOCSTATUS = #{ssresult}
            <if test="ssstep != null">
                , DOCSTEP = DOCSTEP + 1
            </if>
         WHERE DOCNO=#{docno} 
    </update> 

    <update id="updateSignDocCancel" parameterType="String">
        UPDATE SGN_DOC
           SET DOCSTATUS = 0
         WHERE DOCNO=#{docno}
    </update> 
      
</mapper> 

