<?xml version="1.0" encoding="UTF-8"?>
<!DOCTYPE mapper
        PUBLIC "-//mybatis.org//DTD Mapper 3.0//EN"
        "http://mybatis.org/dtd/mybatis-3-mapper.dtd">

<mapper namespace="ad_sign">
    <sql id="includeSignDocType">
        WHERE DELETEFLAG='N'
        <if test="searchKeyword!=null and searchKeyword!='' and searchType!=''">
            <foreach item="item" index="index" collection="searchTypeArr" separator=" OR " open="AND (" close=")">
                 ${item} LIKE '%'||#{searchKeyword}||'%'
            </foreach>
        </if>               
    </sql>

    <select id="selectSignDocTypeCount" resultType="Integer" parameterType="com.devkbil.mtssbj.search.SearchVO">
        SELECT COUNT(*)
          FROM SGN_DOCTYPE SDT
         <include refid="includeSignDocType"/>
    </select> 
    
    <select id="selectSignDocTypeList" resultType="com.devkbil.mtssbj.admin.sign.SignDocTypeVO" parameterType="com.devkbil.mtssbj.search.SearchVO">
        SELECT * FROM (
            SELECT ROW_NUMBER() OVER (ORDER BY DTNO DESC) AS RNUM
                 , DTNO, DTTITLE, DTCONTENTS
            FROM SGN_DOCTYPE SDT
            <include refid="includeSignDocType"/>
            -- ORDER BY DTNO DESC
        )
        <if test="rowStart != null">
            WHERE RNUM BETWEEN ${rowStart} AND ${rowStart-1}+${displayRowCount}
            -- OFFSET ${rowStart-1} ROWS FETCH FIRST ${displayRowCount} ROWS ONLY -- oracle12c
        </if>
    </select> 

    <insert id="insertSignDocType" parameterType="com.devkbil.mtssbj.admin.sign.SignDocTypeVO" >
        <selectKey resultType="String" keyProperty="dtno" order="BEFORE">
            SELECT DTNO_SEQ.NEXTVAL FROM DUAL
        </selectKey>
        INSERT INTO SGN_DOCTYPE(DTNO, DTTITLE, DTCONTENTS, DELETEFLAG)
        VALUES (#{dtno}, #{dttitle}, #{dtcontents}, 'N')
    </insert>
    
    <update id="updateSignDocType" parameterType="com.devkbil.mtssbj.admin.sign.SignDocTypeVO">
        UPDATE SGN_DOCTYPE
           SET DTTITLE=#{dttitle}, DTCONTENTS=#{dtcontents}
         WHERE DTNO=#{dtno} 
    </update> 
        
    <select id="selectSignDocTypeOne" parameterType="com.devkbil.mtssbj.admin.sign.SignDocTypeVO" resultType="com.devkbil.mtssbj.admin.sign.SignDocTypeVO">
        SELECT DTNO, DTTITLE, DTCONTENTS
          FROM SGN_DOCTYPE
         WHERE DELETEFLAG='N' AND DTNO=#{dtno}
    </select> 
    
    <delete id="deleteSignDocType" parameterType="com.devkbil.mtssbj.admin.sign.SignDocTypeVO">
        UPDATE SGN_DOCTYPE
           SET DELETEFLAG='Y'
         WHERE DTNO=#{dtno} 
    </delete> 

</mapper>

