<?xml version="1.0" encoding="UTF-8"?>
<!DOCTYPE mapper
        PUBLIC "-//mybatis.org//DTD Mapper 3.0//EN"
        "http://mybatis.org/dtd/mybatis-3-mapper.dtd">

<mapper namespace="ad_srv_svc">

    <sql id="includeServerCommon">
        WHERE SVC.DELETEFLAG='N'
        <if test="svcId!=null and svcId!=''">
            AND SVC.SVC_ID=#{svcId}
        </if>
        <if test="searchKeyword!=null and searchKeyword!='' and searchType!=''">
            <foreach item="item" index="index" collection="searchTypeArr" separator=" OR " open="AND (" close=")">
                ${item} LIKE '%'||#{searchKeyword}||'%'
            </foreach>
        </if>
    </sql>

    <!-- 목록 조회 -->
    <select id="selectSrvSvcList" resultType="com.devkbil.mtssbj.admin.server.SvcVO"
            parameterType="com.devkbil.mtssbj.search.ServerSearchVO">
        SELECT * FROM (
            SELECT ROW_NUMBER() OVER (ORDER BY SVC.SVC_ID DESC) AS RNUM
                    , SVC.SVC_ID      AS svcId
                    , SVC.HW_ID       AS hwId
                    , HW.HW_NAME      AS hwName
                    , SVC.SW_ID       AS swId
                    , SW.SW_NAME      AS swName
                    , SVC.SVC_NAME    AS svcName
                    , SVC.SVC_PORT    AS svcPort
                    , SVC.ACT_YN      AS actYn
                    , SVC.DELETEFLAG  AS deleteFlag
                    , SVC.REGDATE     AS regDate
                    , SVC.REGUSERNO   AS regUserNo
                    , SVC.CHGDATE     AS chgDate
                    , SVC.CHGUSERNO   AS chgUserNo
              FROM TBL_SRV_SVC SVC
         LEFT JOIN TBL_SRV_HW HW ON SVC.HW_ID = HW.HW_ID
         LEFT JOIN TBL_SRV_SW SW ON SVC.SW_ID = SW.SW_ID
        <include refid="includeServerCommon"/>
        )
        <if test="rowStart != null">
        WHERE RNUM BETWEEN ${rowStart} AND ${rowStart-1}+${displayRowCount}
        </if>
    </select>

    <!-- 상세 조회 -->
    <select id="selectSrvSvcOne" parameterType="String" resultType="com.devkbil.mtssbj.admin.server.SvcVO">
        SELECT SVC.SVC_ID       AS svcId
               , SVC.HW_ID      AS hwId
               , HW.HW_NAME     AS hwName
               , SVC.SW_ID      AS swId
               , SW.SW_NAME     AS swName
               , SVC.SVC_NAME   AS svcName
               , SVC.SVC_PORT   AS svcPort
               , SVC.ACT_YN     AS actYn
               , SVC.DELETEFLAG AS deleteFlag
               , SVC.REGDATE    AS regDate
               , SVC.REGUSERNO  AS regUserNo
               , SVC.CHGDATE    AS chgDate
               , SVC.CHGUSERNO  AS chgUserNo
          FROM TBL_SRV_SVC SVC
     LEFT JOIN TBL_SRV_HW HW ON SVC.HW_ID = HW.HW_ID
     LEFT JOIN TBL_SRV_SW SW ON SVC.SW_ID = SW.SW_ID
         WHERE SVC.DELETEFLAG = 'N'
           AND SVC.SVC_ID = #{svcId}
    </select>

    <!-- 등록 -->
    <insert id="insertSrvSvc" parameterType="com.devkbil.mtssbj.admin.server.SvcVO">
        <selectKey resultType="String" keyProperty="svcId" order="BEFORE">
            SELECT SVC_ID_SEQ.NEXTVAL FROM DUAL
        </selectKey>
        INSERT INTO TBL_SRV_SVC ( SVC_ID, HW_ID, SW_ID, SVC_NAME, SVC_PORT, ACT_YN, DELETEFLAG, REGDATE, REGUSERNO, CHGDATE, CHGUSERNO )
        VALUES ( #{svcId}, #{hwId}, #{swId}, #{svcName}, #{svcPort}, #{actYn}, 'N', CURRENT_TIMESTAMP, #{regUserNo}, CURRENT_TIMESTAMP, #{chgUserNo} )
    </insert>

    <!-- 수정 -->
    <update id="updateSrvSvc" parameterType="com.devkbil.mtssbj.admin.server.SvcVO">
        UPDATE TBL_SRV_SVC
           SET HW_ID       = #{hwId}
               , SW_ID     = #{swId}
               , SVC_NAME  = #{svcName}
               , SVC_PORT  = #{svcPort}
               , ACT_YN    = #{actYn}
               , CHGDATE   = CURRENT_TIMESTAMP
               , CHGUSERNO = #{chgUserNo}
         WHERE SVC_ID = #{svcId}
           AND DELETEFLAG = 'N'
    </update>

    <!-- 삭제 -->
    <delete id="deleteSrvSvc" parameterType="String">
        UPDATE TBL_SRV_SVC
           SET DELETEFLAG = 'Y'
               , CHGDATE  = CURRENT_TIMESTAMP
         WHERE SVC_ID = #{svcId}
    </delete>

</mapper>