<?xml version="1.0" encoding="UTF-8"?>
<!DOCTYPE mapper
        PUBLIC "-//mybatis.org//DTD Mapper 3.0//EN"
        "http://mybatis.org/dtd/mybatis-3-mapper.dtd">

<mapper namespace="dbtool">


    <select id="selectRowCount" parameterType="string" resultType="int">
        SELECT COUNT(*)
        FROM ${tableName}
    </select>

    <select id="selectTableData" parameterType="map" resultType="map">
        SELECT
        <foreach collection="columns" item="column" separator=",">
            ${column}
        </foreach>
        FROM ${tableName}
    </select>

    <select id="checkExistingData" resultType="java.lang.Integer">
        SELECT COUNT(*)
        FROM ${tableName}
        WHERE
        <foreach collection="keyColumns" item="keyColumn" separator=" AND ">
            ${keyColumn} = #{keyValues[keyColumn]}
        </foreach>
    </select>

    <update id="dynamicUpdate">
        UPDATE ${tableName}
        <set>
            <foreach collection="columns" item="column" separator=",">
                ${column} = #{data[column]}
            </foreach>
        </set>
        WHERE
        <foreach collection="keyColumns" item="keyColumn" separator=" AND ">
            ${keyColumn} = #{data[keyColumn]}
        </foreach>
    </update>

    <insert id="dynamicInsert">
        INSERT INTO ${tableName}
        <trim prefix="(" suffix=")" suffixOverrides=",">
            <foreach collection="columns" item="column" separator=",">
                ${column}
            </foreach>
        </trim>
        VALUES
        <trim prefix="(" suffix=")" suffixOverrides=",">
            <foreach collection="columns" item="column" separator=",">
                #{data[column]}
            </foreach>
        </trim>
    </insert>

    <select id="selectTableLayout" resultType="com.devkbil.mtssbj.develop.dbtool.DbtoolVO" parameterType="com.devkbil.mtssbj.develop.dbtool.DbtoolVO">
        <![CDATA[
        SELECT A1.TABLE_NAME AS tableName,
                A1.TABLE_COMMENTS AS tableComments,
                A1.COLUMN_COMMENTS AS columnComments,
                A1.COLUMN_NAME AS columnName,
                A1.COLUMN_ID as columnId,
                MAX(DECODE(B1.CONSTRAINT_TYPE, 'P', B1.CONSTRAINT_NAME)) AS pkFlag, -- PK 플래그
                MAX(DECODE(B1.CONSTRAINT_TYPE, 'R', B1.CONSTRAINT_NAME||'->'||R_CONSTRAINT_NAME||'.'||A1.COLUMN_NAME)) AS fkFlag, -- FK 플래그
                A1.NULL_FLAG AS nullFlag,
                A1.DATA_TYPE AS dataType,
                A1.DATA_LENGTH AS dataLength
            FROM
                (SELECT
                     B.COMMENTS AS TABLE_COMMENTS,
                     A.TABLE_NAME AS TABLE_NAME,
                     C.COMMENTS AS COLUMN_COMMENTS,
                     A.COLUMN_NAME AS COLUMN_NAME,
                     DECODE(A.NULLABLE, 'Y', '', 'N', 'NOT NULL') AS NULL_FLAG,
                     A.DATA_TYPE AS DATA_TYPE,
                     (CASE
                          WHEN A.DATA_TYPE IN ('CHAR', 'VARCHAR2') THEN '(' || A.DATA_LENGTH || ')'
                          WHEN A.DATA_TYPE = 'NUMBER' AND A.DATA_SCALE = 0 AND A.DATA_PRECISION IS NOT NULL
                              THEN '(' || A.DATA_PRECISION || ')'
                          WHEN A.DATA_TYPE = 'NUMBER' AND A.DATA_SCALE <> 0
                              THEN '(' || A.DATA_PRECISION || ',' || A.DATA_SCALE || ')'
                         END) AS DATA_LENGTH,
                     A.COLUMN_ID
                 FROM USER_TAB_COLUMNS A
                         JOIN USER_TAB_COMMENTS B ON (A.TABLE_NAME = B.TABLE_NAME)
                         JOIN USER_COL_COMMENTS C ON (A.TABLE_NAME = C.TABLE_NAME AND A.COLUMN_NAME = C.COLUMN_NAME)
                ) A1
                    LEFT JOIN
                (SELECT A.TABLE_NAME,
                         A.COLUMN_NAME,
                         B.CONSTRAINT_TYPE,
                         B.INDEX_NAME,
                         B.CONSTRAINT_NAME,
                         B.R_CONSTRAINT_NAME
                     FROM USER_CONS_COLUMNS A
                             JOIN USER_CONSTRAINTS B ON (A.CONSTRAINT_NAME = B.CONSTRAINT_NAME)
                     WHERE B.CONSTRAINT_TYPE IN ('P', 'R')
                ) B1 ON (A1.TABLE_NAME = B1.TABLE_NAME AND A1.COLUMN_NAME = B1.COLUMN_NAME)
            WHERE 1=1
        ]]>
        <if test="columnComments!=null and columnComments!=''">
            AND A1.COLUMN_COMMENTS LIKE '%'||#{columnComments}||'%'
        </if>
        <if test="columnName!=null and columnName!=''">
            AND A1.COLUMN_NAME LIKE '%'||#{columnName}||'%'
        </if>
        <if test="tableName!=null and tableName!=''">
            AND A1.TABLE_NAME = #{tableName}
        </if>
            GROUP BY
                A1.TABLE_NAME, A1.TABLE_COMMENTS, A1.COLUMN_COMMENTS, A1.COLUMN_NAME, A1.NULL_FLAG, A1.DATA_TYPE, A1.DATA_LENGTH, A1.COLUMN_ID
            ORDER BY A1.TABLE_NAME, A1.COLUMN_ID
    </select>

</mapper>