<?xml version="1.0" encoding="UTF-8"?>
<!DOCTYPE mapper
        PUBLIC "-//mybatis.org//DTD Mapper 3.0//EN"
        "http://mybatis.org/dtd/mybatis-3-mapper.dtd">

<mapper namespace="member">

    <select id="selectSearchMemberCount" parameterType="com.devkbil.mtssbj.search.SearchVO" resultType="Integer" >
        SELECT COUNT(*)
          FROM COM_USER CU
         WHERE CU.DELETEFLAG='N'
           AND CU.USERNM LIKE '%'||#{searchKeyword}||'%'
    </select> 
    
    <select id="selectSearchMemberList" parameterType="com.devkbil.mtssbj.search.SearchVO" resultType="com.devkbil.mtssbj.member.UserVO" >
        SELECT * FROM (
            SELECT ROWNUM AS RNUM, USERNO, USERID, USERNM, PHOTO, DEPTNM as DEPTNO
              FROM COM_USER CU
             INNER JOIN COM_DEPT CD ON CD.DEPTNO=CU.DEPTNO
             WHERE CU.DELETEFLAG='N' AND CD.DELETEFLAG='N'
               AND CU.USERNM LIKE '%'||#{searchKeyword}||'%'
        )
        <if test="rowStart != null">
            WHERE RNUM BETWEEN ${rowStart} AND ${rowStart-1}+${displayRowCount}
            -- OFFSET ${rowStart-1} ROWS FETCH FIRST ${displayRowCount} ROWS ONLY -- oracle12c
        </if>
    </select>

    <select id="selectMember4Login" parameterType="com.devkbil.mtssbj.member.UserVO" resultType="com.devkbil.mtssbj.member.UserVO" >
        SELECT USERNO, USERID, USERNM, USERROLE
          FROM COM_USER CU
         WHERE CU.DELETEFLAG='N' 
           AND CU.USERID = #{userid} AND USERPW=#{userpw}
        ---SELECT OBJECT_NAME USERNM ,ABBR_NAME USERID FROM DOSA_OBJECT WHERE CLASS_ID = '1003'
    </select> 
    
    <insert id="insertLogIn" parameterType="String">
        INSERT INTO COM_LOGINOUT (LNO, USERNO, LTYPE, REGDATE)
         VALUES (LNO_SEQ.NEXTVAL, #{userno}, 'I', SYSDATE )
    </insert>

    <insert id="insertLogOut" parameterType="String">
        INSERT INTO COM_LOGINOUT (LNO, USERNO, LTYPE, REGDATE)
            VALUES (LNO_SEQ.NEXTVAL, #{userno}, 'O', SYSDATE )
    </insert>
    
</mapper>

