-- H2 데이터베이스용 기본 데이터

-- 부서 데이터
INSERT INTO COM_DEPT (DEPTNO, DEPTNM, PARENTNO, DELETEFLAG) VALUES (1, '총무팀', 0, 'N');
INSERT INTO COM_DEPT (DEPTNO, DEPTNM, PARENTNO, DELETEFLAG) VALUES (2, '개발팀', 0, 'N');
INSERT INTO COM_DEPT (DEPTNO, DEPTNM, PARENTNO, DELETEFLAG) VALUES (3, '영업팀', 0, 'N');

-- 사용자 데이터 (비밀번호: 1234)
INSERT INTO COM_USER (USERNO, USERID, USERNM, USERPW, USERROLE, PHOTO, DEPTNO, DELETEFLAG, USERPOS) 
VALUES (1, 'admin', '관리자', '$2a$10$N.zmdr9k7uOCQb376NoUnuTJ8iAt6Z5EHsM8lE9lBOsl7iKTVEFDa', 'A', '', 1, 'N', '01');

INSERT INTO COM_USER (USERNO, USERID, USERNM, USERPW, USERROLE, PHOTO, DEPTNO, DELETEFLAG, USERPOS)
VALUES (2, 'user1', '사용자1', '$2a$10$N.zmdr9k7uOCQb376NoUnuTJ8iAt6Z5EHsM8lE9lBOsl7iKTVEFDa', 'U', '', 2, 'N', '02');

-- 게시판 그룹 데이터
INSERT INTO TBL_BOARDGROUP (BGNO, BGNAME, BGUSED, BGREPLY, BGREADONLY, BGNOTICE, DELETEFLAG)
VALUES (1, '공지사항', 'Y', 'Y', 'N', 'Y', 'N');

INSERT INTO TBL_BOARDGROUP (BGNO, BGNAME, BGUSED, BGREPLY, BGREADONLY, BGNOTICE, DELETEFLAG)
VALUES (2, '자유게시판', 'Y', 'Y', 'N', 'N', 'N');

-- 공통코드 데이터
INSERT INTO COM_CODE (CODE, CODENM, CODEVAL, DELETEFLAG) VALUES ('USERROLE', '사용자권한', 'A', 'N');
INSERT INTO COM_CODE (CODE, CODENM, CODEVAL, DELETEFLAG) VALUES ('USERROLE', '사용자권한', 'U', 'N');
INSERT INTO COM_CODE (CODE, CODENM, CODEVAL, DELETEFLAG) VALUES ('USERPOS', '직급', '01', 'N');
INSERT INTO COM_CODE (CODE, CODENM, CODEVAL, DELETEFLAG) VALUES ('USERPOS', '직급', '02', 'N');

-- 메뉴 데이터
INSERT INTO COM_MENU (MNU_NO, MNU_NM, MNU_URL, MNU_ORDER, DELETEFLAG) VALUES (1, '메인', '/', 1, 'N');
INSERT INTO COM_MENU (MNU_NO, MNU_NM, MNU_URL, MNU_ORDER, DELETEFLAG) VALUES (2, '게시판', '/board', 2, 'N');
INSERT INTO COM_MENU (MNU_NO, MNU_NM, MNU_URL, MNU_ORDER, DELETEFLAG) VALUES (3, '관리자', '/admin', 3, 'N');

-- 공통코드 데이터
INSERT INTO COM_CODE_V2 (CODECD, PCODECD, CODENM, CODEDESC, DELETEFLAG, REGDATE, REGUSERNO, CHGDATE, CHGUSERNO)
VALUES ('00001', NULL, '시스템관리', '시스템관리 코드', 'N', CURRENT_TIMESTAMP, 1, CURRENT_TIMESTAMP, 1);

INSERT INTO COM_CODE_V2 (CODECD, PCODECD, CODENM, CODEDESC, DELETEFLAG, REGDATE, REGUSERNO, CHGDATE, CHGUSERNO)
VALUES ('00002', NULL, '게시판관리', '게시판관리 코드', 'N', CURRENT_TIMESTAMP, 1, CURRENT_TIMESTAMP, 1);

-- 게시판 그룹 데이터
INSERT INTO TBL_BOARDGROUP (BGNO, BGNAME, BGPARENT, DELETEFLAG, BGUSED, BGREPLY, BGREADONLY, BGNOTICE, REGDATE, CHGDATE)
VALUES (1, '공지사항', 0, 'N', 'Y', 'Y', 'N', 'Y', CURRENT_TIMESTAMP, CURRENT_TIMESTAMP);

INSERT INTO TBL_BOARDGROUP (BGNO, BGNAME, BGPARENT, DELETEFLAG, BGUSED, BGREPLY, BGREADONLY, BGNOTICE, REGDATE, CHGDATE)
VALUES (2, '자유게시판', 0, 'N', 'Y', 'Y', 'N', 'N', CURRENT_TIMESTAMP, CURRENT_TIMESTAMP);

-- 게시판 데이터
INSERT INTO TBL_BOARD (BGNO, BRDNO, BRDTITLE, USERNO, BRDMEMO, BRDNOTICE, REGDATE, DELETEFLAG, CHGDATE, CHGUSERNO, ETC1, ETC2, ETC3, ETC4, ETC5)
VALUES (1, 1, '환영합니다', 1, 'H2 데이터베이스로 실행 중입니다.', 'Y', CURRENT_TIMESTAMP, 'N', CURRENT_TIMESTAMP, 1, '', '', '', '', '');

INSERT INTO TBL_BOARD (BGNO, BRDNO, BRDTITLE, USERNO, BRDMEMO, BRDNOTICE, REGDATE, DELETEFLAG, CHGDATE, CHGUSERNO, ETC1, ETC2, ETC3, ETC4, ETC5)
VALUES (2, 2, '테스트 게시물', 2, '이것은 테스트 게시물입니다.', 'N', CURRENT_TIMESTAMP, 'N', CURRENT_TIMESTAMP, 2, '', '', '', '', '');

-- 프로젝트 데이터
INSERT INTO PRJ_PROJECT (PRNO, PRSTARTDATE, PRENDDATE, PRTITLE, REGDATE, USERNO, PRSTATUS, DELETEFLAG)
VALUES (1, '2024-01-01', '2024-12-31', 'H2 데이터베이스 테스트 프로젝트', CURRENT_TIMESTAMP, 1, 'A', 'N');

-- 프로젝트 업무 데이터
INSERT INTO PRJ_TASK (PRNO, TSNO, TSPARENT, TSSORT, TSTITLE, TSSTARTDATE, TSENDDATE, TSENDREAL, TSRATE, OLDNO, DELETEFLAG)
VALUES (1, 1, NULL, 1, 'H2 설정', '2024-01-01', '2024-01-31', NULL, 100, NULL, 'N');

INSERT INTO PRJ_TASK (PRNO, TSNO, TSPARENT, TSSORT, TSTITLE, TSSTARTDATE, TSENDDATE, TSENDREAL, TSRATE, OLDNO, DELETEFLAG)
VALUES (1, 2, NULL, 2, '테스트 실행', '2024-02-01', '2024-02-28', NULL, 50, NULL, 'N');