<?xml version="1.0" encoding="UTF-8"?>
<!DOCTYPE mapper
        PUBLIC "-//mybatis.org//DTD Mapper 3.0//EN"
        "http://mybatis.org/dtd/mybatis-3-mapper.dtd">

<mapper namespace="mailinfo">

    <!-- 공통 조건 재사용 -->
    <sql id="mailInfoCondition">
        FROM EML_MAILINFO EMI
        INNER JOIN COM_USER CU ON EMI.USERNO=CU.USERNO
        WHERE EMI.DELETEFLAG='N' AND EMI.USERNO=#{userno}
    </sql>

    <!-- COUNT 쿼리 -->
    <select id="selectMailInfoCount" resultType="int" parameterType="String">
        SELECT count(*)
        <include refid="mailInfoCondition" />
    </select>

    <!-- LIST 쿼리 -->
    <select id="selectMailInfoList" resultType="com.devkbil.mtssbj.mail.MailInfoVO" parameterType="String">
        SELECT EMINO, EMIIMAP, EMIIMAPPORT, EMISMTP, EMISMTPPORT, EMIUSER, EMIPW, EMI.USERNO, USERNM
        <include refid="mailInfoCondition" />
        ORDER BY EMINO
    </select>   

    <insert id="insertMailInfo" parameterType="com.devkbil.mtssbj.mail.MailInfoVO" >
        INSERT INTO EML_MAILINFO(EMIIMAP, EMIIMAPPORT, EMISMTP, EMISMTPPORT, EMIUSER, EMIPW, USERNO, REGDATE, DELETEFLAG)
        VALUES (#{emiimap}, #{emiimapport}, #{emismtp}, #{emismtpport}, #{emiuser}, #{emipw}, #{userno}, DATETIME('now'), 'N')
        <selectKey keyProperty="emino" resultType="String" order="AFTER">
            SELECT sqlite_last_insert_rowid()
        </selectKey>
    </insert>
    
    <update id="updateMailInfo" parameterType="com.devkbil.mtssbj.mail.MailInfoVO">
        UPDATE EML_MAILINFO
           SET EMIIMAP=#{emiimap}, EMIIMAPPORT=#{emiimapport}, EMISMTP=#{emismtp}, EMISMTPPORT=#{emismtpport}
             , EMIUSER=#{emiuser}, EMIPW=#{emipw}
         WHERE EMINO=#{emino} 
    </update> 
        
    <select id="selectMailInfoOne" resultType="com.devkbil.mtssbj.mail.MailInfoVO" parameterType="String">
        SELECT EMINO, EMIIMAP, EMIIMAPPORT, EMISMTP, EMISMTPPORT, EMIUSER, EMIPW, EMI.USERNO, USERNM
          FROM EML_MAILINFO EMI
         INNER JOIN COM_USER CU ON EMI.USERNO=CU.USERNO
         WHERE EMI.EMINO=#{emino}
    </select>      
    
    <delete id="deleteMailInfo" parameterType="com.devkbil.mtssbj.mail.MailInfoVO">
        UPDATE EML_MAILINFO
           SET DELETEFLAG='Y'
         WHERE EMINO=#{emino} 
    </delete> 
  
</mapper>

