<?xml version="1.0" encoding="UTF-8"?>
<included>
    <appender name="SQL_APPENDER" class="ch.qos.logback.core.rolling.RollingFileAppender">
        <file>${LOG_PATH}/${LOG_FILE_NAME_SQL}.log</file>
        <append>true</append>
        <encoder class="ch.qos.logback.classic.encoder.PatternLayoutEncoder">
            <pattern>%cyan(%date GMT) [%highlight(%-5level)] [%magenta(%thread)] [%blue(%logger{36}.%M\(%line\))] %msg
                %n
            </pattern>
        </encoder>
        <rollingPolicy class="ch.qos.logback.core.rolling.SizeAndTimeBasedRollingPolicy">
            <fileNamePattern>${LOG_PATH}/%d{yyyy-MM-dd}/${LOG_FILE_NAME_SQL}_%i.log.gz</fileNamePattern>
            <maxHistory>30</maxHistory>
            <maxFileSize>10MB</maxFileSize>
            <totalSizeCap>20GB</totalSizeCap>
        </rollingPolicy>
    </appender>


    <!-- 파일 Appender 설정 -->
    <appender name="SQL_SIFT_APPENDER" class="ch.qos.logback.classic.sift.SiftingAppender">
        <discriminator>
            <key>userip</key>
            <defaultValue>server</defaultValue>
        </discriminator>
        <sift>
            <appender name="FILE-${userip}" class="ch.qos.logback.core.rolling.RollingFileAppender">
                <!-- 파일 경로 설정 -->
                <file>${LOG_PATH}/${userip}/${LOG_FILE_NAME_SQL}.log</file>
                <!-- 로그 패턴 설정 -->
                <encoder class="ch.qos.logback.classic.encoder.PatternLayoutEncoder">
                    <pattern>${LOG_PATTERN}</pattern>
                </encoder>
                <!-- 롤링 정책 -->
                <rollingPolicy class="ch.qos.logback.core.rolling.SizeAndTimeBasedRollingPolicy">
                    <!-- gz, zip 등을 넣을 경우 자동 로그파일 압축 -->
                    <fileNamePattern>${LOG_PATH}/${userip}/%d{yyyy-MM-dd}/${LOG_FILE_NAME_SQL}_%i.log.gz
                    </fileNamePattern>
                    <!-- 로그파일 최대 보관주기 -->
                    <maxHistory>30</maxHistory>
                    <maxFileSize>10MB</maxFileSize>
                    <totalSizeCap>20GB</totalSizeCap>
                </rollingPolicy>
            </appender>
        </sift>
    </appender>
</included>