<?xml version="1.0" encoding="UTF-8"?>
<included>
    <!-- 콘솔 Appender 설정 -->
    <appender name="CONSOLE_APPENDER" class="ch.qos.logback.core.ConsoleAppender">
        <encoder class="ch.qos.logback.classic.encoder.PatternLayoutEncoder">
            <pattern>${LOG_PATTERN_CONSOLE}</pattern>
        </encoder>

        <encoder class="ch.qos.logback.core.encoder.LayoutWrappingEncoder">
            <layout class="com.devkbil.mtssbj.common.masking.MaskingPatternLayout">
                <maskPattern>\"userid\\{0,1}\"\s*:\s*\\{0,1}\"(.*?)\"</maskPattern>
                <maskPattern>\"accountNum\\{0,1}\"\s*:\s*\\{0,1}\"(.*?)\"</maskPattern>
                <maskPattern>\"phoneNum\\{0,1}\"\s*:\s*\\{0,1}\"(.*?)\"</maskPattern>
                <maskPattern>\"TelNum\\{0,1}\"\s*:\s*\\{0,1}\"(.*?)\"</maskPattern>
                <maskPattern>\"custBirth\\{0,1}\"\s*:\s*\\{0,1}\"(.*?)\"</maskPattern>
                <maskPattern>\"custPNum\\{0,1}\"\s*:\s*\\{0,1}\"(.*?)\"</maskPattern>
                <maskPattern>\"SSN\"\s*:\s*\"(.*?)\"</maskPattern> <!-- SSN JSON pattern -->
                <maskPattern>\"address\"\s*:\s*\"(.*?)\"</maskPattern> <!-- Address JSON pattern -->
                <maskPattern>(\d+\.\d+\.\d+\.\d+)</maskPattern> <!-- Ip address IPv4 pattern -->
                <maskPattern>([\w.-]+@[\w.-]+\.\w+)</maskPattern> <!-- Email pattern -->
                <pattern>%-5p [%d{ISO8601,UTC}] [%thread] %logger: %m%n%rootException</pattern>
            </layout>
        </encoder>
    </appender>

</included>