<?xml version="1.0" encoding="UTF-8"?>
<included>
    <!-- 파일 Appender 설정 -->
    <appender name="FILE_BATCH_APPENDER" class ="ch.qos.logback.core.rolling.RollingFileAppender">
        <!-- 파일 경로 설정 -->
        <file>${LOG_PATH}/${LOG_FILE_NAME_BATCH}.log</file>
        <!-- 로그 패턴 설정 -->
        <encoder class = "ch.qos.logback.classic.encoder.PatternLayoutEncoder">
            <pattern>${LOG_PATTERN}</pattern>
        </encoder>
        <!-- 롤링 정책 -->
        <rollingPolicy class = "ch.qos.logback.core.rolling.SizeAndTimeBasedRollingPolicy">
            <!-- gz, zip 등을 넣을 경우 자동 로그파일 압축 -->
            <fileNamePattern>${LOG_PATH}/%d{yyyy-MM-dd}/${LOG_FILE_NAME_BATCH}_%i.log.gz</fileNamePattern>
            <!-- 로그파일 최대 보관주기 -->
            <maxHistory>30</maxHistory>
            <maxFileSize>10MB</maxFileSize>
            <totalSizeCap>20GB</totalSizeCap>
        </rollingPolicy>
    </appender>


    <appender name = "FILE_BATCH_ERROR_APPENDER" class ="ch.qos.logback.core.rolling.RollingFileAppender">
        <filter class ="ch.qos.logback.classic.filter.LevelFilter">
            <level>error</level>
            <onMatch>ACCEPT</onMatch>
            <onMismatch>DENY</onMismatch>
        </filter>
        <file>${LOG_PATH}/${LOG_FILE_NAME_BATCH_ERROR}.log</file>
        <!-- 로그 패턴 설정 -->
        <encoder class = "ch.qos.logback.classic.encoder.PatternLayoutEncoder">
            <pattern>${LOG_PATTERN}</pattern>
        </encoder>
        <!-- 롤링 정책 -->
        <rollingPolicy class = "ch.qos.logback.core.rolling.SizeAndTimeBasedRollingPolicy">
            <!-- gz, zip 등을 넣을 경우 자동 로그파일 압축 -->
            <fileNamePattern>${LOG_PATH}/%d{yyyy-MM-dd}/${LOG_FILE_NAME_BATCH_ERROR}_%i.log.gz</fileNamePattern>
            <!-- 로그파일 최대 보관주기 -->
            <maxHistory>30</maxHistory>
            <maxFileSize>10MB</maxFileSize>
            <totalSizeCap>20GB</totalSizeCap>
        </rollingPolicy>
    </appender>

</included>