<?xml version="1.0" encoding="UTF-8"?>

<config xmlns="http://www.nhncorp.com/lucy-xss"
        extends="lucy-xss-default-sax.xml">

    <elementRule>
        <element name="body" disable="true" /> <!-- <BODY ONLOAD=alert("XSS")>, <BODY BACKGROUND="javascript:alert('XSS')"> -->
        <element name="embed" disable="true" />
        <element name="iframe" disable="true" /> <!-- <IFRAME SRC=”http://hacker-site.com/xss.html”> -->
        <element name="meta" disable="true" />
        <element name="object" disable="true" />
        <element name="script" disable="true" /> <!-- <SCRIPT> alert(“XSS”); </SCRIPT> -->
        <element name="style" disable="true" />
        <element name="link" disable="true" />
        <element name="base" disable="true" />
    </elementRule>

    <attributeRule>
        <attribute name="data" base64Decoding="true">
            <notAllowedPattern><![CDATA[(?i:s\\*c\\*r\\*i\\*p\\*t\\*:)]]></notAllowedPattern>
            <notAllowedPattern><![CDATA[(?i:d\\*a\\*t\\*a\\*:)]]></notAllowedPattern>
            <notAllowedPattern><![CDATA[&[#\\%x]+[\da-fA-F][\da-fA-F]+]]></notAllowedPattern>
        </attribute>
        <attribute name="src" base64Decoding="true">
            <notAllowedPattern><![CDATA[(?i:s\\*c\\*r\\*i\\*p\\*t\\*:)]]></notAllowedPattern>
            <notAllowedPattern><![CDATA[(?i:d\\*a\\*t\\*a\\*:)]]></notAllowedPattern>
            <notAllowedPattern><![CDATA[&[#\\%x]+[\da-fA-F][\da-fA-F]+]]></notAllowedPattern>
        </attribute>
        <attribute name="style">
            <notAllowedPattern><![CDATA[(?i:j\\*a\\*v\\*a\\*s\\*c\\*r\\*i\\*p\\*t\\*:)]]></notAllowedPattern>
            <notAllowedPattern><![CDATA[(?i:e\\*x\\*p\\*r\\*e\\*s\\*s\\*i\\*o\\*n)]]></notAllowedPattern>
            <notAllowedPattern><![CDATA[&[#\\%x]+[\da-fA-F][\da-fA-F]+]]></notAllowedPattern>
        </attribute>
        <attribute name="href">
            <notAllowedPattern><![CDATA[(?i:j\\*a\\*v\\*a\\*s\\*c\\*r\\*i\\*p\\*t\\*:)]]></notAllowedPattern>
        </attribute>
    </attributeRule>

</config>