-- SQLite 데이터베이스용 기본 데이터 (H2, MySQL, Oracle 기준 동기화)

-- 부서 데이터
INSERT INTO COM_DEPT (DEPTNO, DEPTNM, PARENTNO, DELETEFLAG) VALUES (1, '총무팀', 0, 'N');
INSERT INTO COM_DEPT (DEPTNO, DEPTNM, PARENTNO, DELETEFLAG) VALUES (2, '개발팀', 0, 'N');
INSERT INTO COM_DEPT (DEPTNO, DEPTNM, PARENTNO, DELETEFLAG) VALUES (3, '영업팀', 0, 'N');

-- 사용자 데이터 (비밀번호: 1234)
INSERT INTO COM_USER (USERNO, USERID, USERNM, USERPW, USERROLE, PHOTO, DEPTNO, DELETEFLAG, USERPOS) 
VALUES (1, 'admin', '관리자', '$2a$10$N.zmdr9k7uOCQb376NoUnuTJ8iAt6Z5EHsM8lE9lBOsl7iKTVEFDa', 'A', '', 1, 'N', '01');

INSERT INTO COM_USER (USERNO, USERID, USERNM, USERPW, USERROLE, PHOTO, DEPTNO, DELETEFLAG, USERPOS)
VALUES (2, 'user1', '사용자1', '$2a$10$N.zmdr9k7uOCQb376NoUnuTJ8iAt6Z5EHsM8lE9lBOsl7iKTVEFDa', 'U', '', 2, 'N', '02');

-- 게시판 그룹 데이터
INSERT INTO TBL_BOARDGROUP (BGNO, BGNAME, BGUSED, DELETEFLAG)
VALUES (1, '공지사항', 'Y', 'N');

INSERT INTO TBL_BOARDGROUP (BGNO, BGNAME, BGUSED, DELETEFLAG)
VALUES (2, '자유게시판', 'Y', 'N');

-- 공통코드 데이터
INSERT INTO COM_CODE (CLASSNO, CODECD, CODENM) VALUES (1, 'A', '관리자');
INSERT INTO COM_CODE (CLASSNO, CODECD, CODENM) VALUES (1, 'U', '사용자');

INSERT INTO COM_CODE (CLASSNO, CODECD, CODENM) VALUES (2, '0', '임시저장');
INSERT INTO COM_CODE (CLASSNO, CODECD, CODENM) VALUES (2, '1', '대기중');
INSERT INTO COM_CODE (CLASSNO, CODECD, CODENM) VALUES (2, '2', '심사중');
INSERT INTO COM_CODE (CLASSNO, CODECD, CODENM) VALUES (2, '3', '반려');
INSERT INTO COM_CODE (CLASSNO, CODECD, CODENM) VALUES (2, '4', '결재 완료');

INSERT INTO COM_CODE (CLASSNO, CODECD, CODENM) VALUES (3, '01', '선임');
INSERT INTO COM_CODE (CLASSNO, CODECD, CODENM) VALUES (3, '02', '주임');
INSERT INTO COM_CODE (CLASSNO, CODECD, CODENM) VALUES (3, '03', '대리');
INSERT INTO COM_CODE (CLASSNO, CODECD, CODENM) VALUES (3, '04', '과장');
INSERT INTO COM_CODE (CLASSNO, CODECD, CODENM) VALUES (3, '05', '차장');
INSERT INTO COM_CODE (CLASSNO, CODECD, CODENM) VALUES (3, '06', '부장');
INSERT INTO COM_CODE (CLASSNO, CODECD, CODENM) VALUES (3, '07', '이사');
INSERT INTO COM_CODE (CLASSNO, CODECD, CODENM) VALUES (3, '08', '상무');
INSERT INTO COM_CODE (CLASSNO, CODECD, CODENM) VALUES (3, '09', '전무');
INSERT INTO COM_CODE (CLASSNO, CODECD, CODENM) VALUES (3, '10', '부사장');
INSERT INTO COM_CODE (CLASSNO, CODECD, CODENM) VALUES (3, '11', '사장');
INSERT INTO COM_CODE (CLASSNO, CODECD, CODENM) VALUES (3, '12', '부회장');
INSERT INTO COM_CODE (CLASSNO, CODECD, CODENM) VALUES (3, '13', '회장');
INSERT INTO COM_CODE (CLASSNO, CODECD, CODENM) VALUES (4, '1', '업무');
INSERT INTO COM_CODE (CLASSNO, CODECD, CODENM) VALUES (4, '2', '회의');
INSERT INTO COM_CODE (CLASSNO, CODECD, CODENM) VALUES (4, '3', '외근');
INSERT INTO COM_CODE (CLASSNO, CODECD, CODENM) VALUES (4, '4', '출장');
INSERT INTO COM_CODE (CLASSNO, CODECD, CODENM) VALUES (4, '5', '교육');
INSERT INTO COM_CODE (CLASSNO, CODECD, CODENM) VALUES (4, '6', '휴가');
INSERT INTO COM_CODE (CLASSNO, CODECD, CODENM) VALUES (4, '7', '기타');
INSERT INTO COM_CODE (CLASSNO, CODECD, CODENM) VALUES (5, '1', '반복없음');
INSERT INTO COM_CODE (CLASSNO, CODECD, CODENM) VALUES (5, '2', '주단위');
INSERT INTO COM_CODE (CLASSNO, CODECD, CODENM) VALUES (5, '3', '월단위');
INSERT INTO COM_CODE (CLASSNO, CODECD, CODENM) VALUES (6, 'Y', '공개');
INSERT INTO COM_CODE (CLASSNO, CODECD, CODENM) VALUES (6, 'N', '비공개');

-- COM_CODE_V2 데이터
INSERT INTO COM_CODE_V2 (CODECD, PCODECD, CODENM, CODEDESC, DELETEFLAG, REGDATE, REGUSERNO, CHGDATE, CHGUSERNO)
VALUES ('0', '', '공통코드', '', 'N', datetime('now'), 1, datetime('now'), 1);

INSERT INTO COM_CODE_V2 (CODECD, PCODECD, CODENM, CODEDESC, DELETEFLAG, REGDATE, REGUSERNO, CHGDATE, CHGUSERNO)
VALUES ('1', '0', '사용자롤', '', 'N', datetime('now'), 1, datetime('now'), 1);

INSERT INTO COM_CODE_V2 (CODECD, PCODECD, CODENM, CODEDESC, DELETEFLAG, REGDATE, REGUSERNO, CHGDATE, CHGUSERNO)
VALUES ('2', '0', '문서결제상태', '', 'N', datetime('now'), 1, datetime('now'), 1);

INSERT INTO COM_CODE_V2 (CODECD, PCODECD, CODENM, CODEDESC, DELETEFLAG, REGDATE, REGUSERNO, CHGDATE, CHGUSERNO)
VALUES ('3', '0', '직책구분', '', 'N', datetime('now'), 1, datetime('now'), 1);

INSERT INTO COM_CODE_V2 (CODECD, PCODECD, CODENM, CODEDESC, DELETEFLAG, REGDATE, REGUSERNO, CHGDATE, CHGUSERNO)
VALUES ('4', '0', '근무상태', '', 'N', datetime('now'), 1, datetime('now'), 1);

INSERT INTO COM_CODE_V2 (CODECD, PCODECD, CODENM, CODEDESC, DELETEFLAG, REGDATE, REGUSERNO, CHGDATE, CHGUSERNO)
VALUES ('5', '0', '반복단위', '', 'N', datetime('now'), 1, datetime('now'), 1);

INSERT INTO COM_CODE_V2 (CODECD, PCODECD, CODENM, CODEDESC, DELETEFLAG, REGDATE, REGUSERNO, CHGDATE, CHGUSERNO)
VALUES ('6', '0', '공개여부', '', 'N', datetime('now'), 1, datetime('now'), 1);

INSERT INTO COM_CODE_V2 (CODECD, PCODECD, CODENM, CODEDESC, DELETEFLAG, REGDATE, REGUSERNO, CHGDATE, CHGUSERNO)
VALUES ('A', '1', '관리자', '사용자롤', 'N', datetime('now'), 1, datetime('now'), 1);

INSERT INTO COM_CODE_V2 (CODECD, PCODECD, CODENM, CODEDESC, DELETEFLAG, REGDATE, REGUSERNO, CHGDATE, CHGUSERNO)
VALUES ('U', '1', '사용자', '사용자롤', 'N', datetime('now'), 1, datetime('now'), 1);

INSERT INTO COM_CODE_V2 (CODECD, PCODECD, CODENM, CODEDESC, DELETEFLAG, REGDATE, REGUSERNO, CHGDATE, CHGUSERNO)
VALUES ('20', '2', '임시저장', '문서결제상태', 'N', datetime('now'), 1, datetime('now'), 1);

INSERT INTO COM_CODE_V2 (CODECD, PCODECD, CODENM, CODEDESC, DELETEFLAG, REGDATE, REGUSERNO, CHGDATE, CHGUSERNO)
VALUES ('21', '2', '대기중', '문서결제상태', 'N', datetime('now'), 1, datetime('now'), 1);

INSERT INTO COM_CODE_V2 (CODECD, PCODECD, CODENM, CODEDESC, DELETEFLAG, REGDATE, REGUSERNO, CHGDATE, CHGUSERNO)
VALUES ('22', '2', '심사중', '문서결제상태', 'N', datetime('now'), 1, datetime('now'), 1);

INSERT INTO COM_CODE_V2 (CODECD, PCODECD, CODENM, CODEDESC, DELETEFLAG, REGDATE, REGUSERNO, CHGDATE, CHGUSERNO)
VALUES ('23', '2', '반려', '문서결제상태', 'N', datetime('now'), 1, datetime('now'), 1);

INSERT INTO COM_CODE_V2 (CODECD, PCODECD, CODENM, CODEDESC, DELETEFLAG, REGDATE, REGUSERNO, CHGDATE, CHGUSERNO)
VALUES ('24', '2', '결재 완료', '문서결제상태', 'N', datetime('now'), 1, datetime('now'), 1);

INSERT INTO COM_CODE_V2 (CODECD, PCODECD, CODENM, CODEDESC, DELETEFLAG, REGDATE, REGUSERNO, CHGDATE, CHGUSERNO)
VALUES ('01', '3', '선임', '직책구분', 'N', datetime('now'), 1, datetime('now'), 1);

INSERT INTO COM_CODE_V2 (CODECD, PCODECD, CODENM, CODEDESC, DELETEFLAG, REGDATE, REGUSERNO, CHGDATE, CHGUSERNO)
VALUES ('02', '3', '주임', '직책구분', 'N', datetime('now'), 1, datetime('now'), 1);

INSERT INTO COM_CODE_V2 (CODECD, PCODECD, CODENM, CODEDESC, DELETEFLAG, REGDATE, REGUSERNO, CHGDATE, CHGUSERNO)
VALUES ('03', '3', '대리', '직책구분', 'N', datetime('now'), 1, datetime('now'), 1);

INSERT INTO COM_CODE_V2 (CODECD, PCODECD, CODENM, CODEDESC, DELETEFLAG, REGDATE, REGUSERNO, CHGDATE, CHGUSERNO)
VALUES ('04', '3', '과장', '직책구분', 'N', datetime('now'), 1, datetime('now'), 1);

INSERT INTO COM_CODE_V2 (CODECD, PCODECD, CODENM, CODEDESC, DELETEFLAG, REGDATE, REGUSERNO, CHGDATE, CHGUSERNO)
VALUES ('05', '3', '차장', '직책구분', 'N', datetime('now'), 1, datetime('now'), 1);

INSERT INTO COM_CODE_V2 (CODECD, PCODECD, CODENM, CODEDESC, DELETEFLAG, REGDATE, REGUSERNO, CHGDATE, CHGUSERNO)
VALUES ('06', '3', '부장', '직책구분', 'N', datetime('now'), 1, datetime('now'), 1);

INSERT INTO COM_CODE_V2 (CODECD, PCODECD, CODENM, CODEDESC, DELETEFLAG, REGDATE, REGUSERNO, CHGDATE, CHGUSERNO)
VALUES ('07', '3', '이사', '직책구분', 'N', datetime('now'), 1, datetime('now'), 1);

INSERT INTO COM_CODE_V2 (CODECD, PCODECD, CODENM, CODEDESC, DELETEFLAG, REGDATE, REGUSERNO, CHGDATE, CHGUSERNO)
VALUES ('08', '3', '상무', '직책구분', 'N', datetime('now'), 1, datetime('now'), 1);

INSERT INTO COM_CODE_V2 (CODECD, PCODECD, CODENM, CODEDESC, DELETEFLAG, REGDATE, REGUSERNO, CHGDATE, CHGUSERNO)
VALUES ('09', '3', '전무', '직책구분', 'N', datetime('now'), 1, datetime('now'), 1);

INSERT INTO COM_CODE_V2 (CODECD, PCODECD, CODENM, CODEDESC, DELETEFLAG, REGDATE, REGUSERNO, CHGDATE, CHGUSERNO)
VALUES ('10', '3', '부사장', '직책구분', 'N', datetime('now'), 1, datetime('now'), 1);

INSERT INTO COM_CODE_V2 (CODECD, PCODECD, CODENM, CODEDESC, DELETEFLAG, REGDATE, REGUSERNO, CHGDATE, CHGUSERNO)
VALUES ('11', '3', '사장', '직책구분', 'N', datetime('now'), 1, datetime('now'), 1);

INSERT INTO COM_CODE_V2 (CODECD, PCODECD, CODENM, CODEDESC, DELETEFLAG, REGDATE, REGUSERNO, CHGDATE, CHGUSERNO)
VALUES ('12', '3', '부회장', '직책구분', 'N', datetime('now'), 1, datetime('now'), 1);

INSERT INTO COM_CODE_V2 (CODECD, PCODECD, CODENM, CODEDESC, DELETEFLAG, REGDATE, REGUSERNO, CHGDATE, CHGUSERNO)
VALUES ('13', '3', '회장', '직책구분', 'N', datetime('now'), 1, datetime('now'), 1);

-- 메뉴 데이터
INSERT INTO COM_MENU (MENUNO, MENUPARENT, MENUORDER, MENUNAME, MENULINK, MENUTYPE, MENUUSED, DELETEFLAG, REGDATE)
VALUES (1, 0, 1, '메인', '/', 'M', 'Y', 'N', datetime('now'));

INSERT INTO COM_MENU (MENUNO, MENUPARENT, MENUORDER, MENUNAME, MENULINK, MENUTYPE, MENUUSED, DELETEFLAG, REGDATE)
VALUES (2, 0, 2, '게시판', '/board', 'M', 'Y', 'N', datetime('now'));

INSERT INTO COM_MENU (MENUNO, MENUPARENT, MENUORDER, MENUNAME, MENULINK, MENUTYPE, MENUUSED, DELETEFLAG, REGDATE)
VALUES (3, 0, 3, '관리자', '/admin', 'M', 'Y', 'N', datetime('now'));

-- 게시판 데이터
INSERT INTO TBL_BOARD (BGNO, BRDNO, BRDTITLE, USERNO, BRDMEMO, BRDNOTICE, REGDATE, DELETEFLAG, CHGDATE, CHGUSERNO, ETC1, ETC2, ETC3, ETC4, ETC5)
VALUES (1, 1, '환영합니다', 1, 'SQLite 데이터베이스로 실행 중입니다.', 'Y', datetime('now'), 'N', datetime('now'), 1, '', '', '', '', '');

INSERT INTO TBL_BOARD (BGNO, BRDNO, BRDTITLE, USERNO, BRDMEMO, BRDNOTICE, REGDATE, DELETEFLAG, CHGDATE, CHGUSERNO, ETC1, ETC2, ETC3, ETC4, ETC5)
VALUES (2, 2, '테스트 게시물', 2, '이것은 테스트 게시물입니다.', 'N', datetime('now'), 'N', datetime('now'), 2, '', '', '', '', '');

-- 프로젝트 데이터
INSERT INTO PRJ_PROJECT (PRNO, PRSTARTDATE, PRENDDATE, PRTITLE, REGDATE, USERNO, PRSTATUS, DELETEFLAG)
VALUES (1, '2024-01-01', '2024-12-31', 'SQLite 데이터베이스 테스트 프로젝트', datetime('now'), 1, 'A', 'N');

-- 프로젝트 업무 데이터
INSERT INTO PRJ_TASK (PRNO, TSNO, TSPARENT, TSSORT, TSTITLE, TSSTARTDATE, TSENDDATE, TSENDREAL, TSRATE, OLDNO, DELETEFLAG)
VALUES (1, 1, NULL, 1, 'SQLite 설정', '2024-01-01', '2024-01-31', NULL, 100, NULL, 'N');

INSERT INTO PRJ_TASK (PRNO, TSNO, TSPARENT, TSSORT, TSTITLE, TSSTARTDATE, TSENDDATE, TSENDREAL, TSRATE, OLDNO, DELETEFLAG)
VALUES (1, 2, NULL, 2, '테스트 실행', '2024-02-01', '2024-02-28', NULL, 50, NULL, 'N');

-- 결재 문서 타입 데이터
INSERT INTO SGN_DOCTYPE (DOCTYPENO, DOCTYPENAME, DOCTYPEUSED, DELETEFLAG)
VALUES (1, '일반결재', 'Y', 'N');

INSERT INTO SGN_DOCTYPE (DOCTYPENO, DOCTYPENAME, DOCTYPEUSED, DELETEFLAG)
VALUES (2, '구매결재', 'Y', 'N');

INSERT INTO SGN_DOCTYPE (DOCTYPENO, DOCTYPENAME, DOCTYPEUSED, DELETEFLAG)
VALUES (3, '인사결재', 'Y', 'N'); 